2-Theta degree,Intensity a.u.
10,34314
10.0197,34423
10.0394,34433
10.059,34470
10.0787,34891
10.0984,34844
10.1181,35408
10.1378,34976
10.1574,35599
10.1771,35017
10.1968,35013
10.2165,35860
10.2362,35770
10.2558,36015
10.2755,35645
10.2952,35640
10.3149,36179
10.3346,36021
10.3542,36148
10.3739,36321
10.3936,36410
10.4133,36249
10.433,36336
10.4526,36670
10.4723,36505
10.492,36974
10.5117,36889
10.5314,37297
10.551,37210
10.5707,37040
10.5904,37425
10.6101,36948
10.6298,37051
10.6494,36857
10.6691,37451
10.6888,37973
10.7085,37632
10.7281,37912
10.7478,37829
10.7675,37941
10.7872,37624
10.8069,38100
10.8265,38201
10.8462,38127
10.8659,38007
10.8856,38280
10.9053,38288
10.9249,38389
10.9446,38242
10.9643,38574
10.984,38025
11.0037,38980
11.0233,38661
11.043,38265
11.0627,38711
11.0824,38990
11.1021,38509
11.1217,38800
11.1414,38963
11.1611,38811
11.1808,38958
11.2005,38919
11.2201,39069
11.2398,39417
11.2595,39075
11.2792,39567
11.2989,39118
11.3185,39165
11.3382,39732
11.3579,39722
11.3776,39546
11.3973,39595
11.4169,39750
11.4366,39814
11.4563,39550
11.476,39989
11.4957,40064
11.5153,40927
11.535,40961
11.5547,41154
11.5744,41972
11.5941,42353
11.6137,41925
11.6334,41453
11.6531,41093
11.6728,41050
11.6925,40329
11.7121,40886
11.7318,40920
11.7515,40598
11.7712,40404
11.7909,40468
11.8105,40875
11.8302,40841
11.8499,40947
11.8696,40951
11.8893,40848
11.9089,40908
11.9286,40489
11.9483,40448
11.968,40934
11.9876,40972
12.0073,40767
12.027,41171
12.0467,40814
12.0664,40805
12.086,40951
12.1057,41244
12.1254,41120
12.1451,41050
12.1648,41054
12.1844,40895
12.2041,41023
12.2238,40884
12.2435,41215
12.2632,40779
12.2828,40821
12.3025,41119
12.3222,40872
12.3419,41071
12.3616,40968
12.3812,40438
12.4009,40418
12.4206,40513
12.4403,40828
12.46,41253
12.4796,40846
12.4993,40612
12.519,40625
12.5387,40330
12.5584,40404
12.578,40520
12.5977,40488
12.6174,40503
12.6371,40059
12.6568,39765
12.6764,40360
12.6961,40231
12.7158,40122
12.7355,40272
12.7552,39756
12.7748,39787
12.7945,39949
12.8142,39653
12.8339,39857
12.8536,39862
12.8732,39444
12.8929,39706
12.9126,39546
12.9323,39356
12.952,39409
12.9716,38983
12.9913,38637
13.011,38785
13.0307,38881
13.0504,38905
13.07,38483
13.0897,38663
13.1094,38229
13.1291,38311
13.1488,38036
13.1684,38132
13.1881,38057
13.2078,37660
13.2275,37548
13.2472,37534
13.2668,37259
13.2865,37355
13.3062,37277
13.3259,37344
13.3455,36972
13.3652,36623
13.3849,36622
13.4046,36559
13.4243,36431
13.4439,36364
13.4636,36099
13.4833,36000
13.503,36098
13.5227,35680
13.5423,35452
13.562,35499
13.5817,35430
13.6014,35079
13.6211,34920
13.6407,34918
13.6604,34850
13.6801,34657
13.6998,34499
13.7195,34213
13.7391,34110
13.7588,33896
13.7785,33755
13.7982,33469
13.8179,33547
13.8375,33311
13.8572,33427
13.8769,33126
13.8966,32907
13.9163,32928
13.9359,32685
13.9556,32399
13.9753,32276
13.995,32314
14.0147,32178
14.0343,31232
14.054,31745
14.0737,31479
14.0934,31270
14.1131,31154
14.1327,30967
14.1524,30919
14.1721,30946
14.1918,30659
14.2115,30514
14.2311,30126
14.2508,29970
14.2705,29861
14.2902,29754
14.3099,30071
14.3295,29392
14.3492,29341
14.3689,29331
14.3886,29096
14.4083,28747
14.4279,28792
14.4476,28515
14.4673,28229
14.487,28056
14.5067,27660
14.5263,27891
14.546,27545
14.5657,27617
14.5854,27257
14.605,27250
14.6247,27092
14.6444,26888
14.6641,26703
14.6838,26456
14.7034,26398
14.7231,26264
14.7428,26347
14.7625,26181
14.7822,26066
14.8018,25784
14.8215,25701
14.8412,25754
14.8609,25385
14.8806,24950
14.9002,25025
14.9199,24868
14.9396,25228
14.9593,24783
14.979,24821
14.9986,24380
15.0183,24511
15.038,24185
15.0577,23944
15.0774,23550
15.097,23502
15.1167,23669
15.1364,23312
15.1561,23342
15.1758,23263
15.1954,23081
15.2151,22756
15.2348,23087
15.2545,22635
15.2742,22597
15.2938,22562
15.3135,22574
15.3332,22219
15.3529,22158
15.3726,22263
15.3922,21896
15.4119,21824
15.4316,21520
15.4513,21251
15.471,21118
15.4906,21138
15.5103,21022
15.53,20970
15.5497,20649
15.5694,20782
15.589,20715
15.6087,20183
15.6284,20369
15.6481,20299
15.6678,19846
15.6874,19931
15.7071,19786
15.7268,19654
15.7465,19677
15.7662,19763
15.7858,19331
15.8055,19295
15.8252,19355
15.8449,18986
15.8646,18751
15.8842,18687
15.9039,18758
15.9236,18583
15.9433,18369
15.9629,18525
15.9826,18178
16.0023,18057
16.022,17938
16.0417,17946
16.0613,17781
16.081,17741
16.1007,17827
16.1204,17566
16.1401,17310
16.1597,17384
16.1794,17200
16.1991,16860
16.2188,16812
16.2385,16770
16.2581,16603
16.2778,16661
16.2975,16391
16.3172,16756
16.3369,16395
16.3565,16332
16.3762,16020
16.3959,15814
16.4156,15951
16.4353,15811
16.4549,15829
16.4746,15729
16.4943,15673
16.514,15434
16.5337,15359
16.5533,14978
16.573,15075
16.5927,15188
16.6124,15080
16.6321,15089
16.6517,14824
16.6714,14775
16.6911,14442
16.7108,14427
16.7305,14421
16.7501,14411
16.7698,14200
16.7895,14036
16.8092,14083
16.8289,13815
16.8485,13983
16.8682,13629
16.8879,13809
16.9076,13718
16.9273,13425
16.9469,13141
16.9666,13457
16.9863,13103
17.006,13071
17.0257,13073
17.0453,13046
17.065,12734
17.0847,12780
17.1044,12796
17.1241,12524
17.1437,12580
17.1634,12377
17.1831,12366
17.2028,12342
17.2224,12085
17.2421,11960
17.2618,11916
17.2815,12095
17.3012,11927
17.3208,11649
17.3405,11531
17.3602,11625
17.3799,11472
17.3996,11537
17.4192,11658
17.4389,11394
17.4586,11375
17.4783,11140
17.498,11063
17.5176,10987
17.5373,11049
17.557,10937
17.5767,10649
17.5964,10832
17.616,10693
17.6357,10525
17.6554,10369
17.6751,10454
17.6948,10201
17.7144,10292
17.7341,10071
17.7538,10151
17.7735,9970
17.7932,10057
17.8128,9928
17.8325,9916
17.8522,9862
17.8719,9506
17.8916,9557
17.9112,9653
17.9309,9352
17.9506,9362
17.9703,9454
17.99,9180
18.0096,9229
18.0293,9349
18.049,9121
18.0687,8902
18.0884,8965
18.108,8946
18.1277,8945
18.1474,8643
18.1671,8528
18.1868,8701
18.2064,8587
18.2261,8592
18.2458,8365
18.2655,8279
18.2852,8313
18.3048,8211
18.3245,8276
18.3442,8124
18.3639,8213
18.3836,8047
18.4032,7954
18.4229,7883
18.4426,7816
18.4623,7581
18.482,7624
18.5016,7631
18.5213,7604
18.541,7437
18.5607,7334
18.5803,7472
18.6,7295
18.6197,7127
18.6394,7068
18.6591,7107
18.6787,7035
18.6984,7083
18.7181,6915
18.7378,6856
18.7575,6854
18.7771,6750
18.7968,6810
18.8165,6774
18.8362,6648
18.8559,6710
18.8755,6505
18.8952,6628
18.9149,6428
18.9346,6570
18.9543,6309
18.9739,6315
18.9936,6239
19.0133,6175
19.033,6052
19.0527,6223
19.0723,6147
19.092,5815
19.1117,6013
19.1314,5766
19.1511,5732
19.1707,5890
19.1904,5628
19.2101,5681
19.2298,5675
19.2495,5591
19.2691,5458
19.2888,5646
19.3085,5402
19.3282,5463
19.3479,5229
19.3675,5411
19.3872,5219
19.4069,5224
19.4266,5196
19.4463,5227
19.4659,5175
19.4856,5123
19.5053,5135
19.525,5149
19.5447,4849
19.5643,5047
19.584,4954
19.6037,4853
19.6234,4909
19.6431,4728
19.6627,4752
19.6824,4718
19.7021,4762
19.7218,4782
19.7415,4568
19.7611,4645
19.7808,4577
19.8005,4620
19.8202,4453
19.8398,4468
19.8595,4436
19.8792,4614
19.8989,4282
19.9186,4252
19.9382,4429
19.9579,4310
19.9776,4283
19.9973,4296
20.017,4283
20.0366,4181
20.0563,4259
20.076,4194
20.0957,4206
20.1154,4226
20.135,4134
20.1547,4114
20.1744,4168
20.1941,4116
20.2138,4131
20.2334,3953
20.2531,4078
20.2728,4028
20.2925,3985
20.3122,3989
20.3318,3881
20.3515,3872
20.3712,3870
20.3909,3993
20.4106,3850
20.4302,3960
20.4499,3780
20.4696,3882
20.4893,3877
20.509,3836
20.5286,3790
20.5483,3787
20.568,3694
20.5877,3706
20.6074,3714
20.627,3686
20.6467,3741
20.6664,3637
20.6861,3714
20.7058,3698
20.7254,3616
20.7451,3642
20.7648,3566
20.7845,3645
20.8042,3450
20.8238,3593
20.8435,3556
20.8632,3502
20.8829,3604
20.9026,3613
20.9222,3571
20.9419,3520
20.9616,3503
20.9813,3515
21.001,3501
21.0206,3470
21.0403,3492
21.06,3470
21.0797,3389
21.0994,3372
21.119,3469
21.1387,3405
21.1584,3369
21.1781,3414
21.1977,3421
21.2174,3316
21.2371,3387
21.2568,3279
21.2765,3239
21.2961,3413
21.3158,3308
21.3355,3294
21.3552,3236
21.3749,3343
21.3945,3329
21.4142,3339
21.4339,3324
21.4536,3220
21.4733,3337
21.4929,3106
21.5126,3273
21.5323,3328
21.552,3244
21.5717,3121
21.5913,3212
21.611,3233
21.6307,3191
21.6504,3260
21.6701,3185
21.6897,3206
21.7094,3197
21.7291,3109
21.7488,3186
21.7685,3288
21.7881,3213
21.8078,3226
21.8275,3275
21.8472,3171
21.8669,3153
21.8865,3185
21.9062,3197
21.9259,3254
21.9456,3153
21.9653,3185
21.9849,3198
22.0046,3151
22.0243,3215
22.044,3203
22.0637,3125
22.0833,3089
22.103,3183
22.1227,3101
22.1424,3051
22.1621,3100
22.1817,3157
22.2014,3142
22.2211,3221
22.2408,3113
22.2605,3152
22.2801,3293
22.2998,3192
22.3195,3190
22.3392,3187
22.3589,3135
22.3785,3156
22.3982,3132
22.4179,3201
22.4376,3216
22.4573,3277
22.4769,3091
22.4966,3232
22.5163,3254
22.536,3191
22.5556,3129
22.5753,3176
22.595,3219
22.6147,3242
22.6344,3269
22.654,3263
22.6737,3320
22.6934,3363
22.7131,3411
22.7328,3486
22.7524,3607
22.7721,3641
22.7918,3817
22.8115,3817
22.8312,4091
22.8508,4342
22.8705,4525
22.8902,5084
22.9099,5699
22.9296,6820
22.9492,7993
22.9689,9474
22.9886,10920
23.0083,12074
23.028,12532
23.0476,12380
23.0673,11299
23.087,9941
23.1067,8474
23.1264,7163
23.146,6083
23.1657,5336
23.1854,4728
23.2051,4319
23.2248,4058
23.2444,3762
23.2641,3592
23.2838,3551
23.3035,3461
23.3232,3358
23.3428,3307
23.3625,3239
23.3822,3154
23.4019,3093
23.4216,3200
23.4412,3088
23.4609,3102
23.4806,3043
23.5003,3146
23.52,3055
23.5396,3072
23.5593,2908
23.579,3029
23.5987,2944
23.6184,2959
23.638,3005
23.6577,2903
23.6774,3111
23.6971,3001
23.7168,2887
23.7364,2943
23.7561,2999
23.7758,3090
23.7955,2924
23.8151,2991
23.8348,3110
23.8545,2883
23.8742,3023
23.8939,2896
23.9135,2892
23.9332,3004
23.9529,3019
23.9726,2871
23.9923,2908
24.0119,2888
24.0316,2848
24.0513,2920
24.071,2990
24.0907,3014
24.1103,3013
24.13,2879
24.1497,2940
24.1694,2912
24.1891,2950
24.2087,2919
24.2284,2908
24.2481,2925
24.2678,2889
24.2875,2906
24.3071,2862
24.3268,2835
24.3465,2960
24.3662,2960
24.3859,2827
24.4055,2968
24.4252,2851
24.4449,2898
24.4646,2862
24.4843,2869
24.5039,2783
24.5236,2937
24.5433,2991
24.563,2801
24.5827,2895
24.6023,2817
24.622,2788
24.6417,2914
24.6614,2793
24.6811,2927
24.7007,2810
24.7204,2741
24.7401,2921
24.7598,2860
24.7795,2774
24.7991,2912
24.8188,2796
24.8385,2887
24.8582,2775
24.8779,2830
24.8975,2802
24.9172,2913
24.9369,2918
24.9566,2831
24.9763,2932
24.9959,2882
25.0156,2809
25.0353,2765
25.055,2866
25.0747,2840
25.0943,2859
25.114,2790
25.1337,2946
25.1534,2820
25.173,2813
25.1927,2773
25.2124,2813
25.2321,2919
25.2518,2913
25.2714,2840
25.2911,2712
25.3108,2830
25.3305,2834
25.3502,2781
25.3698,2821
25.3895,2762
25.4092,2763
25.4289,2849
25.4486,2810
25.4682,2828
25.4879,2773
25.5076,2792
25.5273,2785
25.547,2808
25.5666,2769
25.5863,2734
25.606,2716
25.6257,2794
25.6454,2812
25.665,2831
25.6847,2832
25.7044,2814
25.7241,2765
25.7438,2827
25.7634,2832
25.7831,2736
25.8028,2769
25.8225,2705
25.8422,2804
25.8618,2801
25.8815,2799
25.9012,2805
25.9209,2882
25.9406,2710
25.9602,2852
25.9799,2767
25.9996,2757
26.0193,2710
26.039,2769
26.0586,2728
26.0783,2782
26.098,2821
26.1177,2770
26.1374,2808
26.157,2739
26.1767,2810
26.1964,2790
26.2161,2927
26.2358,2926
26.2554,2855
26.2751,2774
26.2948,2799
26.3145,2821
26.3342,2709
26.3538,2746
26.3735,2746
26.3932,2735
26.4129,2768
26.4325,2905
26.4522,2734
26.4719,2821
26.4916,2746
26.5113,2725
26.5309,2737
26.5506,2687
26.5703,2845
26.59,2729
26.6097,2817
26.6293,2778
26.649,2857
26.6687,2843
26.6884,2739
26.7081,2787
26.7277,2770
26.7474,2710
26.7671,2688
26.7868,2745
26.8065,2732
26.8261,2821
26.8458,2690
26.8655,2715
26.8852,2785
26.9049,2787
26.9245,2751
26.9442,2727
26.9639,2782
26.9836,2896
27.0033,2839
27.0229,2789
27.0426,2728
27.0623,2893
27.082,2776
27.1017,2720
27.1213,2698
27.141,2720
27.1607,2781
27.1804,2770
27.2001,2779
27.2197,2787
27.2394,2732
27.2591,2750
27.2788,2823
27.2985,2802
27.3181,2696
27.3378,2757
27.3575,2780
27.3772,2789
27.3969,2692
27.4165,2708
27.4362,2717
27.4559,2791
27.4756,2750
27.4953,2844
27.5149,2750
27.5346,2799
27.5543,2719
27.574,2830
27.5937,2827
27.6133,2794
27.633,2782
27.6527,2682
27.6724,2768
27.6921,2754
27.7117,2703
27.7314,2669
27.7511,2756
27.7708,2727
27.7904,2638
27.8101,2692
27.8298,2760
27.8495,2747
27.8692,2748
27.8888,2694
27.9085,2695
27.9282,2701
27.9479,2796
27.9676,2694
27.9872,2685
28.0069,2800
28.0266,2766
28.0463,2769
28.066,2777
28.0856,2794
28.1053,2787
28.125,2758
28.1447,2731
28.1644,2794
28.184,2749
28.2037,2702
28.2234,2793
28.2431,2656
28.2628,2800
28.2824,2784
28.3021,2795
28.3218,2746
28.3415,2733
28.3612,2697
28.3808,2714
28.4005,2794
28.4202,2790
28.4399,2752
28.4596,2809
28.4792,2767
28.4989,2787
28.5186,2779
28.5383,2743
28.558,2800
28.5776,2786
28.5973,2801
28.617,2768
28.6367,2758
28.6564,2747
28.676,2770
28.6957,2830
28.7154,2758
28.7351,2789
28.7548,2817
28.7744,2789
28.7941,2726
28.8138,2775
28.8335,2788
28.8532,2794
28.8728,2799
28.8925,2816
28.9122,2856
28.9319,2811
28.9516,2776
28.9712,2739
28.9909,2820
29.0106,2809
29.0303,2746
29.0499,2783
29.0696,2819
29.0893,2834
29.109,2735
29.1287,2853
29.1483,2742
29.168,2734
29.1877,2793
29.2074,2739
29.2271,2837
29.2467,2838
29.2664,2789
29.2861,2934
29.3058,2805
29.3255,2858
29.3451,2908
29.3648,2764
29.3845,2842
29.4042,2813
29.4239,2916
29.4435,2904
29.4632,2776
29.4829,2748
29.5026,2892
29.5223,2894
29.5419,2788
29.5616,2785
29.5813,2957
29.601,2953
29.6207,2895
29.6403,2982
29.66,2928
29.6797,2917
29.6994,2876
29.7191,2979
29.7387,2857
29.7584,2843
29.7781,2748
29.7978,2758
29.8175,2858
29.8371,2846
29.8568,2853
29.8765,2828
29.8962,2783
29.9159,2808
29.9355,2773
29.9552,2779
29.9749,2793
29.9946,2924
30.0143,2827
30.0339,2814
30.0536,2730
30.0733,2706
30.093,2740
30.1127,2871
30.1323,2806
30.152,2895
30.1717,2790
30.1914,2856
30.2111,2837
30.2307,2934
30.2504,2813
30.2701,2798
30.2898,2822
30.3095,2841
30.3291,2877
30.3488,2798
30.3685,2810
30.3882,2838
30.4078,2844
30.4275,2828
30.4472,2851
30.4669,2773
30.4866,2950
30.5062,2889
30.5259,2849
30.5456,2825
30.5653,2805
30.585,2853
30.6046,2855
30.6243,2908
30.644,2898
30.6637,2884
30.6834,2932
30.703,2919
30.7227,2900
30.7424,2864
30.7621,2810
30.7818,2902
30.8014,2857
30.8211,2912
30.8408,2996
30.8605,2888
30.8802,2885
30.8998,2894
30.9195,2889
30.9392,2869
30.9589,2949
30.9786,2809
30.9982,2835
31.0179,2960
31.0376,3029
31.0573,2980
31.077,2933
31.0966,2951
31.1163,3020
31.136,2998
31.1557,3023
31.1754,3033
31.195,3018
31.2147,3040
31.2344,3005
31.2541,3006
31.2738,2978
31.2934,3052
31.3131,3064
31.3328,3009
31.3525,3064
31.3722,3072
31.3918,3234
31.4115,3141
31.4312,3301
31.4509,3226
31.4706,3202
31.4902,3236
31.5099,3238
31.5296,3267
31.5493,3325
31.569,3451
31.5886,3427
31.6083,3257
31.628,3415
31.6477,3431
31.6673,3361
31.687,3537
31.7067,3529
31.7264,3528
31.7461,3576
31.7657,3657
31.7854,3572
31.8051,3719
31.8248,3648
31.8445,3730
31.8641,3742
31.8838,3705
31.9035,3693
31.9232,3911
31.9429,3859
31.9625,3896
31.9822,3794
32.0019,3849
32.0216,4043
32.0413,3975
32.0609,4024
32.0806,4183
32.1003,4103
32.12,4194
32.1397,4288
32.1593,4392
32.179,4655
32.1987,4780
32.2184,4997
32.2381,5283
32.2577,5441
32.2774,5855
32.2971,6286
32.3168,6681
32.3365,7303
32.3561,8190
32.3758,8890
32.3955,10082
32.4152,11728
32.4349,14171
32.4545,17257
32.4742,21332
32.4939,26635
32.5136,32473
32.5333,38266
32.5529,41857
32.5726,43060
32.5923,42744
32.612,41630
32.6317,39036
32.6513,35294
32.671,32062
32.6907,29285
32.7104,26871
32.7301,25798
32.7497,25744
32.7694,27382
32.7891,30180
32.8088,34658
32.8285,39729
32.8481,43076
32.8678,45031
32.8875,44643
32.9072,42220
32.9269,39063
32.9465,34786
32.9662,29959
32.9859,25154
33.0056,20750
33.0252,17080
33.0449,13807
33.0646,11618
33.0843,9753
33.104,8507
33.1236,7712
33.1433,6746
33.163,6279
33.1827,5782
33.2024,5294
33.222,5029
33.2417,4809
33.2614,4569
33.2811,4464
33.3008,4289
33.3204,4253
33.3401,4188
33.3598,3981
33.3795,3813
33.3992,3998
33.4188,3734
33.4385,3775
33.4582,3624
33.4779,3632
33.4976,3631
33.5172,3593
33.5369,3583
33.5566,3606
33.5763,3541
33.596,3563
33.6156,3404
33.6353,3400
33.655,3409
33.6747,3514
33.6944,3350
33.714,3389
33.7337,3328
33.7534,3346
33.7731,3318
33.7928,3273
33.8124,3306
33.8321,3332
33.8518,3328
33.8715,3297
33.8912,3238
33.9108,3180
33.9305,3139
33.9502,3255
33.9699,3298
33.9896,3184
34.0092,3170
34.0289,3223
34.0486,3165
34.0683,3192
34.088,3265
34.1076,3156
34.1273,3193
34.147,3226
34.1667,3223
34.1864,3269
34.206,3125
34.2257,3156
34.2454,3302
34.2651,3156
34.2847,3110
34.3044,3169
34.3241,3071
34.3438,3082
34.3635,3027
34.3831,3112
34.4028,3092
34.4225,3175
34.4422,3111
34.4619,3114
34.4815,3098
34.5012,3074
34.5209,2963
34.5406,3172
34.5603,3113
34.5799,2994
34.5996,3062
34.6193,3115
34.639,3161
34.6587,2981
34.6783,3032
34.698,3069
34.7177,3076
34.7374,3072
34.7571,3121
34.7767,3101
34.7964,3243
34.8161,3099
34.8358,2995
34.8555,3221
34.8751,3162
34.8948,2992
34.9145,3015
34.9342,2993
34.9539,3017
34.9735,3091
34.9932,3029
35.0129,3046
35.0326,2955
35.0523,3039
35.0719,3131
35.0916,3007
35.1113,3168
35.131,2991
35.1507,3105
35.1703,3129
35.19,2984
35.2097,3119
35.2294,3115
35.2491,3162
35.2687,3072
35.2884,3109
35.3081,3103
35.3278,3044
35.3475,3068
35.3671,3111
35.3868,3026
35.4065,3107
35.4262,2995
35.4459,3003
35.4655,3057
35.4852,3133
35.5049,3106
35.5246,3118
35.5443,3069
35.5639,2956
35.5836,3109
35.6033,3063
35.623,3061
35.6426,3092
35.6623,3088
35.682,3033
35.7017,3020
35.7214,3020
35.741,3070
35.7607,2986
35.7804,3177
35.8001,2988
35.8198,3090
35.8394,3079
35.8591,3124
35.8788,3042
35.8985,3100
35.9182,3024
35.9378,3042
35.9575,3028
35.9772,3011
35.9969,3142
36.0166,3059
36.0362,3068
36.0559,3006
36.0756,3023
36.0953,3144
36.115,3040
36.1346,3148
36.1543,3098
36.174,3150
36.1937,3064
36.2134,3068
36.233,3151
36.2527,3041
36.2724,3117
36.2921,3048
36.3118,3089
36.3314,3065
36.3511,2958
36.3708,3020
36.3905,2970
36.4102,3091
36.4298,3042
36.4495,3030
36.4692,3098
36.4889,3184
36.5086,3050
36.5282,3053
36.5479,3110
36.5676,3006
36.5873,3022
36.607,3095
36.6266,2967
36.6463,3131
36.666,3087
36.6857,2937
36.7054,3031
36.725,3093
36.7447,2921
36.7644,3045
36.7841,3012
36.8038,3069
36.8234,3064
36.8431,2969
36.8628,3039
36.8825,2972
36.9021,3012
36.9218,2965
36.9415,3018
36.9612,3111
36.9809,3093
37.0005,3023
37.0202,3094
37.0399,2973
37.0596,3082
37.0793,3043
37.0989,3005
37.1186,3107
37.1383,3098
37.158,3117
37.1777,3047
37.1973,3029
37.217,3038
37.2367,3017
37.2564,2990
37.2761,3050
37.2957,2982
37.3154,3022
37.3351,3127
37.3548,2979
37.3745,3036
37.3941,3028
37.4138,3134
37.4335,2995
37.4532,3080
37.4729,3040
37.4925,3138
37.5122,3015
37.5319,3114
37.5516,3037
37.5713,3005
37.5909,3105
37.6106,3025
37.6303,3070
37.65,3156
37.6697,3058
37.6893,3089
37.709,3093
37.7287,3040
37.7484,3039
37.7681,3000
37.7877,3033
37.8074,2974
37.8271,3018
37.8468,3028
37.8665,3122
37.8861,3083
37.9058,3003
37.9255,2953
37.9452,3044
37.9649,2994
37.9845,3075
38.0042,3068
38.0239,3122
38.0436,3001
38.0633,3009
38.0829,3166
38.1026,3097
38.1223,3041
38.142,3077
38.1617,3161
38.1813,3203
38.201,3058
38.2207,3070
38.2404,3160
38.26,3219
38.2797,3138
38.2994,3217
38.3191,3286
38.3388,3296
38.3584,3261
38.3781,3275
38.3978,3387
38.4175,3457
38.4372,3672
38.4568,3707
38.4765,3795
38.4962,3921
38.5159,4095
38.5356,4035
38.5552,3969
38.5749,3821
38.5946,3844
38.6143,3802
38.634,3696
38.6536,3439
38.6733,3416
38.693,3370
38.7127,3397
38.7324,3210
38.752,3231
38.7717,3294
38.7914,3242
38.8111,3255
38.8308,3192
38.8504,3324
38.8701,3154
38.8898,3243
38.9095,3203
38.9292,3169
38.9488,3202
38.9685,3266
38.9882,3108
39.0079,3065
39.0276,3126
39.0472,3124
39.0669,3240
39.0866,3075
39.1063,3146
39.126,3158
39.1456,3168
39.1653,3135
39.185,3166
39.2047,3172
39.2244,3254
39.244,3202
39.2637,3186
39.2834,3197
39.3031,3317
39.3228,3210
39.3424,3163
39.3621,3203
39.3818,3288
39.4015,3257
39.4212,3144
39.4408,3363
39.4605,3141
39.4802,3253
39.4999,3233
39.5196,3262
39.5392,3313
39.5589,3295
39.5786,3302
39.5983,3337
39.6179,3311
39.6376,3296
39.6573,3251
39.677,3181
39.6967,3337
39.7163,3375
39.736,3396
39.7557,3421
39.7754,3543
39.7951,3488
39.8147,3577
39.8344,3578
39.8541,3600
39.8738,3669
39.8935,3906
39.9131,3791
39.9328,4006
39.9525,4188
39.9722,4384
39.9919,4678
40.0115,5026
40.0312,5347
40.0509,6025
40.0706,6991
40.0903,8178
40.1099,9391
40.1296,11402
40.1493,13303
40.169,14375
40.1887,15176
40.2083,14882
40.228,14338
40.2477,13828
40.2674,13260
40.2871,12376
40.3067,11184
40.3264,9918
40.3461,8609
40.3658,7773
40.3855,6880
40.4051,6186
40.4248,5761
40.4445,5406
40.4642,5248
40.4839,5148
40.5035,4963
40.5232,4919
40.5429,4873
40.5626,5201
40.5823,5350
40.6019,5655
40.6216,6034
40.6413,6456
40.661,6896
40.6807,7442
40.7003,7730
40.72,7672
40.7397,7536
40.7594,7190
40.7791,6770
40.7987,6650
40.8184,6033
40.8381,5654
40.8578,5331
40.8774,4813
40.8971,4546
40.9168,4275
40.9365,4126
40.9562,3872
40.9758,3877
40.9955,3757
41.0152,3604
41.0349,3520
41.0546,3430
41.0742,3459
41.0939,3564
41.1136,3401
41.1333,3367
41.153,3395
41.1726,3395
41.1923,3353
41.212,3271
41.2317,3375
41.2514,3296
41.271,3383
41.2907,3346
41.3104,3316
41.3301,3396
41.3498,3239
41.3694,3194
41.3891,3294
41.4088,3369
41.4285,3298
41.4482,3371
41.4678,3247
41.4875,3281
41.5072,3341
41.5269,3287
41.5466,3305
41.5662,3222
41.5859,3255
41.6056,3342
41.6253,3331
41.645,3264
41.6646,3289
41.6843,3284
41.704,3265
41.7237,3219
41.7434,3288
41.763,3278
41.7827,3244
41.8024,3247
41.8221,3364
41.8418,3240
41.8614,3236
41.8811,3341
41.9008,3391
41.9205,3418
41.9402,3480
41.9598,3226
41.9795,3250
41.9992,3252
42.0189,3298
42.0386,3324
42.0582,3440
42.0779,3403
42.0976,3312
42.1173,3309
42.137,3298
42.1566,3365
42.1763,3268
42.196,3373
42.2157,3346
42.2353,3321
42.255,3327
42.2747,3345
42.2944,3226
42.3141,3374
42.3337,3283
42.3534,3270
42.3731,3268
42.3928,3338
42.4125,3246
42.4321,3284
42.4518,3230
42.4715,3188
42.4912,3182
42.5109,3319
42.5305,3248
42.5502,3321
42.5699,3169
42.5896,3370
42.6093,3262
42.6289,3249
42.6486,3307
42.6683,3272
42.688,3277
42.7077,3335
42.7273,3283
42.747,3193
42.7667,3357
42.7864,3329
42.8061,3293
42.8257,3258
42.8454,3317
42.8651,3196
42.8848,3411
42.9045,3247
42.9241,3295
42.9438,3320
42.9635,3246
42.9832,3352
43.0029,3221
43.0225,3375
43.0422,3142
43.0619,3227
43.0816,3313
43.1013,3323
43.1209,3285
43.1406,3411
43.1603,3244
43.18,3349
43.1997,3366
43.2193,3325
43.239,3359
43.2587,3311
43.2784,3397
43.2981,3365
43.3177,3322
43.3374,3388
43.3571,3286
43.3768,3274
43.3965,3329
43.4161,3282
43.4358,3310
43.4555,3374
43.4752,3333
43.4948,3323
43.5145,3313
43.5342,3331
43.5539,3393
43.5736,3354
43.5932,3256
43.6129,3376
43.6326,3362
43.6523,3434
43.672,3369
43.6916,3303
43.7113,3333
43.731,3312
43.7507,3347
43.7704,3348
43.79,3369
43.8097,3492
43.8294,3363
43.8491,3274
43.8688,3215
43.8884,3369
43.9081,3227
43.9278,3274
43.9475,3389
43.9672,3367
43.9868,3415
44.0065,3301
44.0262,3328
44.0459,3369
44.0656,3407
44.0852,3350
44.1049,3364
44.1246,3367
44.1443,3364
44.164,3405
44.1836,3299
44.2033,3358
44.223,3329
44.2427,3316
44.2624,3349
44.282,3411
44.3017,3317
44.3214,3327
44.3411,3404
44.3608,3393
44.3804,3371
44.4001,3347
44.4198,3415
44.4395,3373
44.4592,3319
44.4788,3282
44.4985,3378
44.5182,3393
44.5379,3291
44.5576,3387
44.5772,3379
44.5969,3409
44.6166,3356
44.6363,3329
44.656,3347
44.6756,3337
44.6953,3438
44.715,3420
44.7347,3439
44.7544,3287
44.774,3427
44.7937,3403
44.8134,3400
44.8331,3444
44.8527,3416
44.8724,3392
44.8921,3382
44.9118,3444
44.9315,3527
44.9511,3443
44.9708,3475
44.9905,3450
45.0102,3413
45.0299,3489
45.0495,3558
45.0692,3448
45.0889,3522
45.1086,3478
45.1283,3574
45.1479,3483
45.1676,3422
45.1873,3521
45.207,3506
45.2267,3593
45.2463,3571
45.266,3554
45.2857,3584
45.3054,3717
45.3251,3661
45.3447,3536
45.3644,3465
45.3841,3659
45.4038,3492
45.4235,3463
45.4431,3540
45.4628,3675
45.4825,3534
45.5022,3524
45.5219,3647
45.5415,3692
45.5612,3573
45.5809,3581
45.6006,3520
45.6203,3522
45.6399,3473
45.6596,3571
45.6793,3627
45.699,3606
45.7187,3617
45.7383,3591
45.758,3717
45.7777,3607
45.7974,3619
45.8171,3598
45.8367,3766
45.8564,3706
45.8761,3713
45.8958,3677
45.9155,3527
45.9351,3557
45.9548,3590
45.9745,3619
45.9942,3680
46.0139,3773
46.0335,3667
46.0532,3779
46.0729,3798
46.0926,3729
46.1122,3784
46.1319,3772
46.1516,3867
46.1713,3856
46.191,3867
46.2106,3886
46.2303,3951
46.25,3790
46.2697,3988
46.2894,4087
46.309,3897
46.3287,4054
46.3484,4104
46.3681,4129
46.3878,4036
46.4074,4293
46.4271,4327
46.4468,4400
46.4665,4424
46.4862,4607
46.5058,4733
46.5255,4879
46.5452,5120
46.5649,5305
46.5846,5711
46.6042,5890
46.6239,6474
46.6436,6997
46.6633,7758
46.683,8725
46.7026,9841
46.7223,11529
46.742,13556
46.7617,16406
46.7814,19653
46.801,24138
46.8207,28173
46.8404,31937
46.8601,34303
46.8798,34979
46.8994,34228
46.9191,32499
46.9388,31000
46.9585,29193
46.9782,27156
46.9978,24988
47.0175,22223
47.0372,19259
47.0569,16423
47.0766,13820
47.0962,11771
47.1159,10149
47.1356,8961
47.1553,7815
47.175,6894
47.1946,6323
47.2143,5959
47.234,5619
47.2537,5369
47.2734,5039
47.293,4846
47.3127,4689
47.3324,4556
47.3521,4474
47.3718,4395
47.3914,4195
47.4111,4260
47.4308,4036
47.4505,4035
47.4701,4069
47.4898,3956
47.5095,3898
47.5292,3911
47.5489,4001
47.5685,3866
47.5882,3884
47.6079,3832
47.6276,3829
47.6473,3788
47.6669,3856
47.6866,3646
47.7063,3811
47.726,3843
47.7457,3701
47.7653,3572
47.785,3701
47.8047,3712
47.8244,3562
47.8441,3671
47.8637,3742
47.8834,3706
47.9031,3697
47.9228,3640
47.9425,3678
47.9621,3603
47.9818,3661
48.0015,3583
48.0212,3838
48.0409,3650
48.0605,3590
48.0802,3525
48.0999,3669
48.1196,3593
48.1393,3717
48.1589,3652
48.1786,3628
48.1983,3637
48.218,3628
48.2377,3577
48.2573,3572
48.277,3519
48.2967,3697
48.3164,3511
48.3361,3481
48.3557,3623
48.3754,3619
48.3951,3394
48.4148,3554
48.4345,3568
48.4541,3601
48.4738,3598
48.4935,3551
48.5132,3634
48.5329,3542
48.5525,3590
48.5722,3641
48.5919,3538
48.6116,3612
48.6313,3631
48.6509,3523
48.6706,3530
48.6903,3572
48.71,3507
48.7296,3554
48.7493,3465
48.769,3618
48.7887,3599
48.8084,3500
48.828,3554
48.8477,3613
48.8674,3632
48.8871,3444
48.9068,3655
48.9264,3566
48.9461,3507
48.9658,3447
48.9855,3534
49.0052,3522
49.0248,3633
49.0445,3558
49.0642,3542
49.0839,3446
49.1036,3633
49.1232,3567
49.1429,3528
49.1626,3628
49.1823,3601
49.202,3519
49.2216,3453
49.2413,3507
49.261,3522
49.2807,3603
49.3004,3507
49.32,3530
49.3397,3646
49.3594,3496
49.3791,3555
49.3988,3523
49.4184,3512
49.4381,3547
49.4578,3485
49.4775,3608
49.4972,3456
49.5168,3509
49.5365,3440
49.5562,3536
49.5759,3696
49.5956,3678
49.6152,3591
49.6349,3527
49.6546,3485
49.6743,3581
49.694,3474
49.7136,3611
49.7333,3553
49.753,3580
49.7727,3557
49.7924,3531
49.812,3570
49.8317,3523
49.8514,3621
49.8711,3550
49.8908,3510
49.9104,3517
49.9301,3577
49.9498,3639
49.9695,3478
49.9892,3435
50.0088,3444
50.0285,3529
50.0482,3580
50.0679,3516
50.0875,3579
50.1072,3454
50.1269,3589
50.1466,3483
50.1663,3483
50.1859,3488
50.2056,3561
50.2253,3420
50.245,3524
50.2647,3500
50.2843,3448
50.304,3558
50.3237,3474
50.3434,3507
50.3631,3451
50.3827,3510
50.4024,3534
50.4221,3609
50.4418,3574
50.4615,3583
50.4811,3504
50.5008,3486
50.5205,3416
50.5402,3578
50.5599,3590
50.5795,3583
50.5992,3516
50.6189,3517
50.6386,3702
50.6583,3555
50.6779,3526
50.6976,3490
50.7173,3563
50.737,3517
50.7567,3494
50.7763,3525
50.796,3473
50.8157,3552
50.8354,3512
50.8551,3534
50.8747,3600
50.8944,3549
50.9141,3546
50.9338,3630
50.9535,3620
50.9731,3648
50.9928,3680
51.0125,3624
51.0322,3653
51.0519,3731
51.0715,3868
51.0912,3857
51.1109,3806
51.1306,3749
51.1503,3811
51.1699,3721
51.1896,3822
51.2093,3779
51.229,3744
51.2487,3781
51.2683,3733
51.288,3678
51.3077,3692
51.3274,3622
51.347,3706
51.3667,3637
51.3864,3642
51.4061,3677
51.4258,3640
51.4454,3525
51.4651,3655
51.4848,3698
51.5045,3583
51.5242,3607
51.5438,3580
51.5635,3471
51.5832,3641
51.6029,3625
51.6226,3582
51.6422,3521
51.6619,3578
51.6816,3622
51.7013,3653
51.721,3720
51.7406,3623
51.7603,3603
51.78,3538
51.7997,3671
51.8194,3489
51.839,3613
51.8587,3617
51.8784,3654
51.8981,3600
51.9178,3679
51.9374,3654
51.9571,3578
51.9768,3700
51.9965,3709
52.0162,3651
52.0358,3731
52.0555,3676
52.0752,3683
52.0949,3719
52.1146,3684
52.1342,3733
52.1539,3706
52.1736,3730
52.1933,3739
52.213,3732
52.2326,3753
52.2523,3862
52.272,3904
52.2917,3924
52.3114,3934
52.331,4075
52.3507,4131
52.3704,3930
52.3901,4281
52.4098,4258
52.4294,4541
52.4491,4780
52.4688,5223
52.4885,5523
52.5082,5935
52.5278,6388
52.5475,6609
52.5672,6696
52.5869,6907
52.6066,6826
52.6262,6664
52.6459,6607
52.6656,6393
52.6853,6281
52.7049,6223
52.7246,6003
52.7443,5739
52.764,5576
52.7837,5362
52.8033,5412
52.823,5258
52.8427,5294
52.8624,5214
52.8821,5262
52.9017,5564
52.9214,5807
52.9411,6119
52.9608,6202
52.9805,6504
53.0001,6377
53.0198,6256
53.0395,6228
53.0592,5959
53.0789,5798
53.0985,5624
53.1182,5550
53.1379,5282
53.1576,5084
53.1773,4847
53.1969,4606
53.2166,4472
53.2363,4221
53.256,4117
53.2757,4068
53.2953,3935
53.315,3918
53.3347,3772
53.3544,3850
53.3741,3657
53.3937,3780
53.4134,3746
53.4331,3716
53.4528,3694
53.4725,3590
53.4921,3621
53.5118,3669
53.5315,3656
53.5512,3652
53.5709,3624
53.5905,3609
53.6102,3682
53.6299,3636
53.6496,3535
53.6693,3641
53.6889,3698
53.7086,3651
53.7283,3551
53.748,3535
53.7677,3618
53.7873,3585
53.807,3589
53.8267,3617
53.8464,3589
53.8661,3565
53.8857,3532
53.9054,3615
53.9251,3494
53.9448,3493
53.9644,3673
53.9841,3499
54.0038,3599
54.0235,3574
54.0432,3637
54.0628,3509
54.0825,3442
54.1022,3551
54.1219,3492
54.1416,3405
54.1612,3508
54.1809,3616
54.2006,3545
54.2203,3601
54.24,3497
54.2596,3602
54.2793,3517
54.299,3579
54.3187,3515
54.3384,3497
54.358,3593
54.3777,3488
54.3974,3606
54.4171,3669
54.4368,3505
54.4564,3489
54.4761,3515
54.4958,3576
54.5155,3415
54.5352,3641
54.5548,3535
54.5745,3676
54.5942,3634
54.6139,3580
54.6336,3597
54.6532,3535
54.6729,3512
54.6926,3531
54.7123,3588
54.732,3598
54.7516,3499
54.7713,3602
54.791,3535
54.8107,3587
54.8304,3661
54.85,3599
54.8697,3588
54.8894,3505
54.9091,3681
54.9288,3564
54.9484,3571
54.9681,3657
54.9878,3514
55.0075,3576
55.0272,3452
55.0468,3614
55.0665,3602
55.0862,3533
55.1059,3648
55.1256,3595
55.1452,3500
55.1649,3474
55.1846,3629
55.2043,3598
55.224,3526
55.2436,3574
55.2633,3543
55.283,3614
55.3027,3565
55.3223,3591
55.342,3584
55.3617,3661
55.3814,3598
55.4011,3584
55.4207,3627
55.4404,3632
55.4601,3718
55.4798,3530
55.4995,3594
55.5191,3567
55.5388,3550
55.5585,3590
55.5782,3629
55.5979,3589
55.6175,3601
55.6372,3482
55.6569,3683
55.6766,3658
55.6963,3694
55.7159,3569
55.7356,3621
55.7553,3618
55.775,3638
55.7947,3587
55.8143,3680
55.834,3670
55.8537,3646
55.8734,3646
55.8931,3626
55.9127,3684
55.9324,3713
55.9521,3667
55.9718,3711
55.9915,3709
56.0111,3835
56.0308,3721
56.0505,3703
56.0702,3704
56.0899,3774
56.1095,3751
56.1292,3801
56.1489,3726
56.1686,3805
56.1883,3639
56.2079,3768
56.2276,3724
56.2473,3683
56.267,3829
56.2867,3784
56.3063,3756
56.326,3669
56.3457,3755
56.3654,3695
56.3851,3804
56.4047,3776
56.4244,3708
56.4441,3777
56.4638,3734
56.4835,3723
56.5031,3775
56.5228,3735
56.5425,3826
56.5622,3888
56.5818,3691
56.6015,3801
56.6212,3913
56.6409,3790
56.6606,3919
56.6802,3794
56.6999,3771
56.7196,3896
56.7393,3831
56.759,3882
56.7786,3789
56.7983,3805
56.818,3835
56.8377,3799
56.8574,4055
56.877,3854
56.8967,3762
56.9164,3738
56.9361,4007
56.9558,3889
56.9754,3870
56.9951,3880
57.0148,3756
57.0345,3837
57.0542,3926
57.0738,3947
57.0935,3927
57.1132,4014
57.1329,3999
57.1526,3905
57.1722,4005
57.1919,4113
57.2116,3923
57.2313,4025
57.251,4071
57.2706,3948
57.2903,4066
57.31,3968
57.3297,4067
57.3494,4128
57.369,4164
57.3887,4053
57.4084,4135
57.4281,4072
57.4478,4184
57.4674,4263
57.4871,4328
57.5068,4259
57.5265,4500
57.5462,4438
57.5658,4587
57.5855,4587
57.6052,4633
57.6249,4823
57.6446,4917
57.6642,5029
57.6839,5159
57.7036,5389
57.7233,5624
57.743,5752
57.7626,6287
57.7823,6617
57.802,7266
57.8217,8091
57.8414,9010
57.861,10237
57.8807,11584
57.9004,13012
57.9201,14400
57.9397,15607
57.9594,16467
57.9791,17118
57.9988,17570
58.0185,18137
58.0381,19418
58.0578,21276
58.0775,23067
58.0972,25043
58.1169,26756
58.1365,27677
58.1562,27661
58.1759,27047
58.1956,25519
58.2153,23775
58.2349,22077
58.2546,21014
58.2743,20037
58.294,18906
58.3137,17911
58.3333,16449
58.353,15063
58.3727,13642
58.3924,12114
58.4121,10818
58.4317,9982
58.4514,9173
58.4711,8378
58.4908,7996
58.5105,7686
58.5301,7743
58.5498,7754
58.5695,7882
58.5892,7810
58.6089,8503
58.6285,9000
58.6482,9658
58.6679,10421
58.6876,11162
58.7073,11731
58.7269,12219
58.7466,12708
58.7663,12547
58.786,12385
58.8057,11691
58.8253,11378
58.845,10743
58.8647,10179
58.8844,9833
58.9041,9350
58.9237,8950
58.9434,8384
58.9631,7829
58.9828,7252
59.0025,6596
59.0221,6107
59.0418,5745
59.0615,5380
59.0812,5077
59.1009,4900
59.1205,4707
59.1402,4639
59.1599,4477
59.1796,4444
59.1993,4265
59.2189,4302
59.2386,4272
59.2583,4069
59.278,4066
59.2976,4162
59.3173,4154
59.337,4090
59.3567,4044
59.3764,4031
59.396,4102
59.4157,3930
59.4354,3840
59.4551,4051
59.4748,3973
59.4944,3926
59.5141,3972
59.5338,4017
59.5535,4062
59.5732,3869
59.5928,3829
59.6125,3880
59.6322,3833
59.6519,3702
59.6716,3926
59.6912,3907
59.7109,3818
59.7306,3765
59.7503,3807
59.77,3843
59.7896,3846
59.8093,3808
59.829,3904
59.8487,3759
59.8684,3886
59.888,3908
59.9077,3901
59.9274,3703
59.9471,3837
59.9668,3874
59.9864,3896
60.0061,3750
60.0258,3864
60.0455,3792
60.0652,3786
60.0848,3772
60.1045,3825
60.1242,3941
60.1439,3831
60.1636,3790
60.1832,3771
60.2029,3832
60.2226,3852
60.2423,3832
60.262,3802
60.2816,3800
60.3013,3814
60.321,3717
60.3407,3782
60.3604,3738
60.38,3726
60.3997,3765
60.4194,3742
60.4391,3761
60.4588,3696
60.4784,3790
60.4981,3789
60.5178,3753
60.5375,3790
60.5571,3725
60.5768,3832
60.5965,3805
60.6162,3815
60.6359,3772
60.6555,3899
60.6752,3874
60.6949,3848
60.7146,3854
60.7343,3802
60.7539,3759
60.7736,3873
60.7933,3800
60.813,3836
60.8327,3741
60.8523,3889
60.872,3818
60.8917,3833
60.9114,3788
60.9311,3819
60.9507,3823
60.9704,3749
60.9901,3837
61.0098,3835
61.0295,3684
61.0491,3785
61.0688,3698
61.0885,3809
61.1082,3697
61.1279,3731
61.1475,3767
61.1672,3847
61.1869,3761
61.2066,3783
61.2263,3772
61.2459,3891
61.2656,3743
61.2853,3822
61.305,3839
61.3247,3779
61.3443,3818
61.364,3831
61.3837,3787
61.4034,3752
61.4231,3801
61.4427,3923
61.4624,3765
61.4821,3810
61.5018,3743
61.5215,3689
61.5411,3822
61.5608,3758
61.5805,3798
61.6002,3756
61.6199,3666
61.6395,3660
61.6592,3806
61.6789,3936
61.6986,3934
61.7183,3737
61.7379,3731
61.7576,3797
61.7773,3808
61.797,3845
61.8167,3704
61.8363,3833
61.856,3748
61.8757,3678
61.8954,3739
61.915,3816
61.9347,3953
61.9544,3804
61.9741,3880
61.9938,3775
62.0134,3789
62.0331,3846
62.0528,3882
62.0725,3887
62.0922,3833
62.1118,3794
62.1315,3938
62.1512,3818
62.1709,3934
62.1906,3917
62.2102,3785
62.2299,3827
62.2496,3839
62.2693,3887
62.289,3805
62.3086,3813
62.3283,3814
62.348,3852
62.3677,3900
62.3874,3846
62.407,3787
62.4267,3797
62.4464,3824
62.4661,3793
62.4858,3799
62.5054,3813
62.5251,3694
62.5448,3741
62.5645,3763
62.5842,3739
62.6038,3722
62.6235,3816
62.6432,3726
62.6629,3768
62.6826,3805
62.7022,3814
62.7219,3715
62.7416,3832
62.7613,3794
62.781,3732
62.8006,3865
62.8203,3759
62.84,3785
62.8597,3792
62.8794,3669
62.899,3774
62.9187,3734
62.9384,3770
62.9581,3824
62.9778,3711
62.9974,3857
63.0171,3786
63.0368,3872
63.0565,3768
63.0762,3755
63.0958,3751
63.1155,3876
63.1352,3718
63.1549,3809
63.1745,3815
63.1942,3735
63.2139,3635
63.2336,3671
63.2533,3736
63.2729,3766
63.2926,3816
63.3123,3797
63.332,3778
63.3517,3728
63.3713,3855
63.391,3679
63.4107,3712
63.4304,3685
63.4501,3672
63.4697,3699
63.4894,3734
63.5091,3766
63.5288,3816
63.5485,3860
63.5681,3800
63.5878,3717
63.6075,3827
63.6272,3750
63.6469,3780
63.6665,3770
63.6862,3739
63.7059,3874
63.7256,3768
63.7453,3892
63.7649,3703
63.7846,3670
63.8043,3776
63.824,3675
63.8437,3777
63.8633,3789
63.883,3801
63.9027,3719
63.9224,3762
63.9421,3807
63.9617,3699
63.9814,3709
64.0011,3790
64.0208,3719
64.0405,3661
64.0601,3649
64.0798,3640
64.0995,3615
64.1192,3684
64.1389,3739
64.1585,3678
64.1782,3810
64.1979,3571
64.2176,3788
64.2373,3602
64.2569,3804
64.2766,3689
64.2963,3681
64.316,3700
64.3357,3722
64.3553,3725
64.375,3752
64.3947,3727
64.4144,3751
64.4341,3744
64.4537,3712
64.4734,3722
64.4931,3657
64.5128,3630
64.5324,3709
64.5521,3684
64.5718,3739
64.5915,3721
64.6112,3641
64.6308,3637
64.6505,3748
64.6702,3688
64.6899,3839
64.7096,3612
64.7292,3624
64.7489,3735
64.7686,3823
64.7883,3728
64.808,3631
64.8276,3643
64.8473,3636
64.867,3742
64.8867,3732
64.9064,3748
64.926,3708
64.9457,3746
64.9654,3644
64.9851,3665
65.0048,3707
65.0244,3686
65.0441,3681
65.0638,3735
65.0835,3664
65.1032,3612
65.1228,3773
65.1425,3673
65.1622,3772
65.1819,3701
65.2016,3738
65.2212,3592
65.2409,3798
65.2606,3655
65.2803,3686
65.3,3829
65.3196,3651
65.3393,3690
65.359,3602
65.3787,3712
65.3984,3690
65.418,3722
65.4377,3630
65.4574,3690
65.4771,3740
65.4968,3721
65.5164,3675
65.5361,3633
65.5558,3732
65.5755,3666
65.5952,3762
65.6148,3643
65.6345,3797
65.6542,3811
65.6739,3754
65.6936,3685
65.7132,3683
65.7329,3719
65.7526,3681
65.7723,3653
65.7919,3852
65.8116,3751
65.8313,3643
65.851,3650
65.8707,3695
65.8903,3718
65.91,3671
65.9297,3624
65.9494,3699
65.9691,3732
65.9887,3691
66.0084,3690
66.0281,3628
66.0478,3694
66.0675,3841
66.0871,3617
66.1068,3723
66.1265,3697
66.1462,3774
66.1659,3715
66.1855,3714
66.2052,3627
66.2249,3698
66.2446,3757
66.2643,3653
66.2839,3657
66.3036,3706
66.3233,3687
66.343,3828
66.3627,3640
66.3823,3675
66.402,3629
66.4217,3786
66.4414,3839
66.4611,3869
66.4807,3729
66.5004,3657
66.5201,3690
66.5398,3801
66.5595,3598
66.5791,3645
66.5988,3759
66.6185,3754
66.6382,3756
66.6579,3815
66.6775,3678
66.6972,3738
66.7169,3849
66.7366,3863
66.7563,3690
66.7759,3802
66.7956,3720
66.8153,3759
66.835,3815
66.8547,3726
66.8743,3762
66.894,3707
66.9137,3758
66.9334,3678
66.9531,3638
66.9727,3737
66.9924,3683
67.0121,3614
67.0318,3730
67.0515,3770
67.0711,3726
67.0908,3857
67.1105,3862
67.1302,3827
67.1498,3701
67.1695,3734
67.1892,3795
67.2089,3868
67.2286,3769
67.2482,3768
67.2679,3701
67.2876,3898
67.3073,3767
67.327,3886
67.3466,3757
67.3663,3861
67.386,3948
67.4057,3901
67.4254,3912
67.445,3875
67.4647,3956
67.4844,3881
67.5041,3998
67.5238,3892
67.5434,4038
67.5631,3999
67.5828,4059
67.6025,4053
67.6222,4059
67.6418,4232
67.6615,4117
67.6812,4371
67.7009,4322
67.7206,4430
67.7402,4535
67.7599,4724
67.7796,4843
67.7993,5160
67.819,5271
67.8386,5793
67.8583,6062
67.878,6658
67.8977,7168
67.9174,8230
67.937,8953
67.9567,9676
67.9764,10202
67.9961,10573
68.0158,10816
68.0354,10339
68.0551,10149
68.0748,9854
68.0945,9677
68.1142,9378
68.1338,9360
68.1535,9140
68.1732,8921
68.1929,8770
68.2126,8220
68.2322,7999
68.2519,7623
68.2716,6928
68.2913,6737
68.311,6474
68.3306,6274
68.3503,5913
68.37,5850
68.3897,5714
68.4093,5561
68.429,5675
68.4487,5507
68.4684,5618
68.4881,5728
68.5077,5752
68.5274,5955
68.5471,6160
68.5668,6817
68.5865,7384
68.6061,7768
68.6258,8276
68.6455,9052
68.6652,10019
68.6849,10424
68.7045,11010
68.7242,11250
68.7439,11197
68.7636,10934
68.7833,10677
68.8029,10103
68.8226,9765
68.8423,9462
68.862,9178
68.8817,8907
68.9013,8781
68.921,8286
68.9407,8091
68.9604,7709
68.9801,7032
68.9997,6795
69.0194,6196
69.0391,5810
69.0588,5481
69.0785,5155
69.0981,4906
69.1178,4692
69.1375,4556
69.1572,4406
69.1769,4223
69.1965,4205
69.2162,4214
69.2359,4191
69.2556,4087
69.2753,4115
69.2949,3870
69.3146,3957
69.3343,3811
69.354,3893
69.3737,3968
69.3933,3804
69.413,3811
69.4327,3809
69.4524,3806
69.4721,3849
69.4917,3768
69.5114,3817
69.5311,3713
69.5508,3668
69.5705,3758
69.5901,3820
69.6098,3735
69.6295,3776
69.6492,3719
69.6689,3677
69.6885,3768
69.7082,3713
69.7279,3739
69.7476,3718
69.7672,3691
69.7869,3613
69.8066,3647
69.8263,3836
69.846,3703
69.8656,3755
69.8853,3628
69.905,3713
69.9247,3641
69.9444,3688
69.964,3620
69.9837,3641
70.0034,3630
70.0231,3534
70.0428,3671
70.0624,3623
70.0821,3729
70.1018,3744
70.1215,3726
70.1412,3824
70.1608,3693
70.1805,3723
70.2002,3608
70.2199,3722
70.2396,3617
70.2592,3638
70.2789,3756
70.2986,3706
70.3183,3629
70.338,3608
70.3576,3606
70.3773,3650
70.397,3803
70.4167,3654
70.4364,3729
70.456,3536
70.4757,3658
70.4954,3712
70.5151,3707
70.5348,3567
70.5544,3571
70.5741,3640
70.5938,3605
70.6135,3697
70.6332,3612
70.6528,3581
70.6725,3597
70.6922,3645
70.7119,3664
70.7316,3699
70.7512,3711
70.7709,3767
70.7906,3713
70.8103,3645
70.83,3673
70.8496,3540
70.8693,3732
70.889,3628
70.9087,3646
70.9284,3709
70.948,3670
70.9677,3646
70.9874,3718
71.0071,3573
71.0267,3575
71.0464,3703
71.0661,3653
71.0858,3627
71.1055,3561
71.1251,3619
71.1448,3619
71.1645,3536
71.1842,3602
71.2039,3641
71.2235,3592
71.2432,3736
71.2629,3645
71.2826,3663
71.3023,3693
71.3219,3636
71.3416,3797
71.3613,3573
71.381,3630
71.4007,3648
71.4203,3659
71.44,3685
71.4597,3714
71.4794,3736
71.4991,3839
71.5187,3828
71.5384,3790
71.5581,3945
71.5778,3851
71.5975,3815
71.6171,3876
71.6368,3921
71.6565,3845
71.6762,3772
71.6959,3773
71.7155,3771
71.7352,3833
71.7549,3753
71.7746,3739
71.7943,3736
71.8139,3680
71.8336,3835
71.8533,3772
71.873,3731
71.8927,3749
71.9123,3703
71.932,3676
71.9517,3830
71.9714,3679
71.9911,3681
72.0107,3736
72.0304,3595
72.0501,3705
72.0698,3848
72.0895,3750
72.1091,3714
72.1288,3805
72.1485,3924
72.1682,3755
72.1879,3801
72.2075,3652
72.2272,3769
72.2469,3577
72.2666,3669
72.2863,3775
72.3059,3740
72.3256,3775
72.3453,3781
72.365,3785
72.3846,3863
72.4043,3870
72.424,3766
72.4437,3823
72.4634,3722
72.483,3811
72.5027,3777
72.5224,3837
72.5421,3843
72.5618,3870
72.5814,3895
72.6011,3927
72.6208,3896
72.6405,4054
72.6602,4195
72.6798,4192
72.6995,4542
72.7192,4455
72.7389,4526
72.7586,4663
72.7782,4712
72.7979,4728
72.8176,4726
72.8373,4542
72.857,4656
72.8766,4580
72.8963,4595
72.916,4552
72.9357,4605
72.9554,4794
72.975,4800
72.9947,4867
73.0144,4978
73.0341,5047
73.0538,5072
73.0734,5135
73.0931,5276
73.1128,5339
73.1325,5254
73.1522,5377
73.1718,5219
73.1915,5103
73.2112,5050
73.2309,4869
73.2506,4879
73.2702,4831
73.2899,4685
73.3096,4669
73.3293,4690
73.349,4481
73.3686,4500
73.3883,4438
73.408,4361
73.4277,4347
73.4474,4189
73.467,4129
73.4867,4061
73.5064,3988
73.5261,3903
73.5458,3906
73.5654,3987
73.5851,3900
73.6048,3901
73.6245,3809
73.6441,3912
73.6638,3934
73.6835,3905
73.7032,4010
73.7229,3952
73.7425,3986
73.7622,4101
73.7819,4071
73.8016,4077
73.8213,4038
73.8409,4068
73.8606,4063
73.8803,4094
73.9,4062
73.9197,4092
73.9393,4011
73.959,4077
73.9787,3934
73.9984,3933
74.0181,4031
74.0377,3923
74.0574,4034
74.0771,3909
74.0968,3934
74.1165,3912
74.1361,3973
74.1558,3774
74.1755,3762
74.1952,3675
74.2149,3739
74.2345,3663
74.2542,3683
74.2739,3579
74.2936,3769
74.3133,3627
74.3329,3659
74.3526,3596
74.3723,3733
74.392,3635
74.4117,3666
74.4313,3628
74.451,3639
74.4707,3684
74.4904,3646
74.5101,3597
74.5297,3617
74.5494,3706
74.5691,3618
74.5888,3572
74.6085,3611
74.6281,3612
74.6478,3660
74.6675,3664
74.6872,3686
74.7069,3765
74.7265,3558
74.7462,3641
74.7659,3751
74.7856,3590
74.8053,3683
74.8249,3731
74.8446,3645
74.8643,3655
74.884,3588
74.9037,3680
74.9233,3602
74.943,3635
74.9627,3620
74.9824,3780
75.002,3752
75.0217,3724
75.0414,3647
75.0611,3669
75.0808,3772
75.1004,3647
75.1201,3669
75.1398,3609
75.1595,3738
75.1792,3798
75.1988,3705
75.2185,3676
75.2382,3597
75.2579,3657
75.2776,3745
75.2972,3626
75.3169,3731
75.3366,3621
75.3563,3705
75.376,3769
75.3956,3708
75.4153,3680
75.435,3566
75.4547,3705
75.4744,3669
75.494,3730
75.5137,3738
75.5334,3703
75.5531,3791
75.5728,3610
75.5924,3734
75.6121,3699
75.6318,3660
75.6515,3689
75.6712,3688
75.6908,3691
75.7105,3613
75.7302,3629
75.7499,3659
75.7696,3759
75.7892,3828
75.8089,3598
75.8286,3646
75.8483,3715
75.868,3777
75.8876,3676
75.9073,3784
75.927,3750
75.9467,3670
75.9664,3578
75.986,3572
76.0057,3658
76.0254,3707
76.0451,3692
76.0648,3691
76.0844,3717
76.1041,3607
76.1238,3672
76.1435,3685
76.1632,3758
76.1828,3757
76.2025,3693
76.2222,3670
76.2419,3691
76.2615,3629
76.2812,3729
76.3009,3691
76.3206,3776
76.3403,3720
76.3599,3713
76.3796,3790
76.3993,3693
76.419,3783
76.4387,3716
76.4583,3625
76.478,3720
76.4977,3615
76.5174,3691
76.5371,3587
76.5567,3790
76.5764,3811
76.5961,3746
76.6158,3699
76.6355,3757
76.6551,3658
76.6748,3721
76.6945,3683
76.7142,3741
76.7339,3765
76.7535,3596
76.7732,3787
76.7929,3888
76.8126,3828
76.8323,3830
76.8519,3696
76.8716,3883
76.8913,3880
76.911,3801
76.9307,3888
76.9503,3917
76.97,3973
76.9897,3963
77.0094,4021
77.0291,3919
77.0487,4012
77.0684,4093
77.0881,4040
77.1078,4173
77.1275,4199
77.1471,4217
77.1668,4134
77.1865,4265
77.2062,4268
77.2259,4382
77.2455,4387
77.2652,4579
77.2849,4715
77.3046,4945
77.3243,4983
77.3439,5317
77.3636,5645
77.3833,6107
77.403,6412
77.4227,6997
77.4423,7632
77.462,7997
77.4817,8903
77.5014,9089
77.5211,9514
77.5407,9726
77.5604,9652
77.5801,9653
77.5998,9391
77.6194,9107
77.6391,9092
77.6588,8854
77.6785,8708
77.6982,8772
77.7178,8507
77.7375,8537
77.7572,8540
77.7769,8354
77.7966,8408
77.8162,8264
77.8359,8396
77.8556,8040
77.8753,8126
77.895,8130
77.9146,8414
77.9343,8780
77.954,9154
77.9737,9296
77.9934,9684
78.013,9958
78.0327,10295
78.0524,10341
78.0721,10394
78.0918,10171
78.1114,9839
78.1311,9418
78.1508,9362
78.1705,8906
78.1902,8527
78.2098,8446
78.2295,8030
78.2492,8229
78.2689,7800
78.2886,7661
78.3082,7430
78.3279,7102
78.3476,6746
78.3673,6553
78.387,6025
78.4066,5729
78.4263,5386
78.446,5071
78.4657,4937
78.4854,4753
78.505,4449
78.5247,4468
78.5444,4380
78.5641,4221
78.5838,4365
78.6034,4105
78.6231,4096
78.6428,4063
78.6625,4030
78.6822,3940
78.7018,3980
78.7215,3806
78.7412,3912
78.7609,3926
78.7806,3842
78.8002,3829
78.8199,3728
78.8396,3746
78.8593,3946
78.879,3797
78.8986,3906
78.9183,3865
78.938,3835
78.9577,3766
78.9773,3737
78.997,3770
79.0167,3680
79.0364,3727
79.0561,3797
79.0757,3757
79.0954,3697
79.1151,3609
79.1348,3780
79.1545,3816
79.1741,3750
79.1938,3795
79.2135,3768
79.2332,3738
79.2529,3628
79.2725,3776
79.2922,3820
79.3119,3745
79.3316,3834
79.3513,3607
79.3709,3700
79.3906,3669
79.4103,3763
79.43,3769
79.4497,3657
79.4693,3722
79.489,3720
79.5087,3708
79.5284,3743
79.5481,3628
79.5677,3667
79.5874,3649
79.6071,3627
79.6268,3722
79.6465,3711
79.6661,3706
79.6858,3705
79.7055,3677
79.7252,3606
79.7449,3653
79.7645,3656
79.7842,3658
79.8039,3652
79.8236,3702
79.8433,3635
79.8629,3720
79.8826,3691
79.9023,3785
79.922,3776
79.9417,3601
79.9613,3599
79.981,3679
80.0007,3767
80.0204,3694
80.0401,3640
80.0597,3644
80.0794,3661
80.0991,3658
80.1188,3682
80.1385,3635
80.1581,3627
80.1778,3679
80.1975,3766
80.2172,3720
80.2368,3673
80.2565,3712
80.2762,3674
80.2959,3735
80.3156,3630
80.3352,3632
80.3549,3718
80.3746,3571
80.3943,3646
80.414,3785
80.4336,3706
80.4533,3567
80.473,3613
80.4927,3614
80.5124,3791
80.532,3755
80.5517,3673
80.5714,3678
80.5911,3646
80.6108,3624
80.6304,3752
80.6501,3799
80.6698,3724
80.6895,3815
80.7092,3738
80.7288,3647
80.7485,3674
80.7682,3625
80.7879,3626
80.8076,3681
80.8272,3651
80.8469,3623
80.8666,3684
80.8863,3659
80.906,3717
80.9256,3811
80.9453,3747
80.965,3773
80.9847,3752
81.0044,3799
81.024,3701
81.0437,3738
81.0634,3688
81.0831,3771
81.1028,3708
81.1224,3732
81.1421,3774
81.1618,3779
81.1815,3658
81.2012,3758
81.2208,3792
81.2405,3827
81.2602,3669
81.2799,3744
81.2996,3718
81.3192,3677
81.3389,3681
81.3586,3728
81.3783,3697
81.398,3842
81.4176,3768
81.4373,3832
81.457,3710
81.4767,3777
81.4964,3652
81.516,3750
81.5357,3800
81.5554,3808
81.5751,3698
81.5947,3768
81.6144,3729
81.6341,3718
81.6538,3816
81.6735,3816
81.6931,3998
81.7128,3975
81.7325,3980
81.7522,4026
81.7719,3976
81.7915,4069
81.8112,4104
81.8309,4234
81.8506,4276
81.8703,4277
81.8899,4425
81.9096,4341
81.9293,4411
81.949,4424
81.9687,4579
81.9883,4514
82.008,4656
82.0277,4632
82.0474,4560
82.0671,4605
82.0867,4706
82.1064,4731
82.1261,4752
82.1458,4950
82.1655,5010
82.1851,5168
82.2048,5294
82.2245,5459
82.2442,5410
82.2639,5573
82.2835,5515
82.3032,5531
82.3229,5418
82.3426,5454
82.3623,5314
82.3819,5095
82.4016,5088
82.4213,5017
82.441,4962
82.4607,5014
82.4803,5048
82.5,4869
82.5197,4859
82.5394,4712
82.5591,4729
82.5787,4717
82.5984,4593
82.6181,4660
82.6378,4438
82.6575,4446
82.6771,4355
82.6968,4307
82.7165,4218
82.7362,4133
82.7559,4266
82.7755,4065
82.7952,4337
82.8149,4301
82.8346,4410
82.8542,4305
82.8739,4486
82.8936,4486
82.9133,4423
82.933,4442
82.9526,4595
82.9723,4639
82.992,4621
83.0117,4685
83.0314,4549
83.051,4624
83.0707,4459
83.0904,4383
83.1101,4318
83.1298,4298
83.1494,4264
83.1691,4270
83.1888,4248
83.2085,4285
83.2282,4280
83.2478,4112
83.2675,4182
83.2872,4150
83.3069,4015
83.3266,3999
83.3462,4016
83.3659,3854
83.3856,4002
83.4053,3943
83.425,3900
83.4446,3760
83.4643,3701
83.484,3743
83.5037,3834
83.5234,3780
83.543,3714
83.5627,3796
83.5824,3717
83.6021,3611
83.6218,3749
83.6414,3795
83.6611,3783
83.6808,3704
83.7005,3849
83.7202,3792
83.7398,3700
83.7595,3748
83.7792,3670
83.7989,3713
83.8186,3682
83.8382,3867
83.8579,3643
83.8776,3713
83.8973,3692
83.917,3687
83.9366,3655
83.9563,3697
83.976,3571
83.9957,3735
84.0154,3836
84.035,3697
84.0547,3675
84.0744,3690
84.0941,3714
84.1138,3624
84.1334,3725
84.1531,3670
84.1728,3704
84.1925,3635
84.2121,3675
84.2318,3754
84.2515,3607
84.2712,3739
84.2909,3692
84.3105,3647
84.3302,3546
84.3499,3682
84.3696,3720
84.3893,3768
84.4089,3702
84.4286,3587
84.4483,3624
84.468,3676
84.4877,3669
84.5073,3725
84.527,3668
84.5467,3762
84.5664,3672
84.5861,3634
84.6057,3811
84.6254,3646
84.6451,3651
84.6648,3784
84.6845,3653
84.7041,3649
84.7238,3705
84.7435,3715
84.7632,3621
84.7829,3741
84.8025,3701
84.8222,3710
84.8419,3688
84.8616,3627
84.8813,3685
84.9009,3721
84.9206,3802
84.9403,3839
84.96,3625
84.9797,3645
84.9993,3599
85.019,3749
85.0387,3673
85.0584,3667
85.0781,3659
85.0977,3645
85.1174,3674
85.1371,3831
85.1568,3715
85.1765,3782
85.1961,3704
85.2158,3687
85.2355,3675
85.2552,3787
85.2749,3763
85.2945,3780
85.3142,3679
85.3339,3731
85.3536,3583
85.3733,3665
85.3929,3661
85.4126,3768
85.4323,3812
85.452,3716
85.4716,3656
85.4913,3761
85.511,3778
85.5307,3766
85.5504,3748
85.57,3735
85.5897,3626
85.6094,3760
85.6291,3791
85.6488,3659
85.6684,3655
85.6881,3600
85.7078,3765
85.7275,3694
85.7472,3790
85.7668,3652
85.7865,3658
85.8062,3710
85.8259,3788
85.8456,3683
85.8652,3809
85.8849,3690
85.9046,3623
85.9243,3802
85.944,3895
85.9636,3806
85.9833,3775
86.003,3861
86.0227,3787
86.0424,3748
86.062,3773
86.0817,3918
86.1014,3849
86.1211,3888
86.1408,3922
86.1604,3786
86.1801,3965
86.1998,3881
86.2195,3968
86.2392,3942
86.2588,4060
86.2785,3959
86.2982,4060
86.3179,4083
86.3376,4233
86.3572,4379
86.3769,4457
86.3966,4538
86.4163,4886
86.436,5042
86.4556,5393
86.4753,5649
86.495,5876
86.5147,6038
86.5344,6350
86.554,6635
86.5737,6530
86.5934,6488
86.6131,6334
86.6328,6152
86.6524,5962
86.6721,5933
86.6918,5719
86.7115,5583
86.7312,5645
86.7508,5609
86.7705,5566
86.7902,5477
86.8099,5525
86.8295,5503
86.8492,5399
86.8689,5272
86.8886,5079
86.9083,5042
86.9279,4931
86.9476,4809
86.9673,4641
86.987,4443
87.0067,4429
87.0263,4225
87.046,4123
87.0657,4158
87.0854,4148
87.1051,3997
87.1247,4082
87.1444,3973
87.1641,3888
87.1838,3929
87.2035,3924
87.2231,3856
87.2428,3878
87.2625,3796
87.2822,3778
87.3019,3852
87.3215,3938
87.3412,3735
87.3609,3852
87.3806,3834
87.4003,3800
87.4199,3857
87.4396,3812
87.4593,3791
87.479,3878
87.4987,3799
87.5183,3984
87.538,3820
87.5577,3922
87.5774,4047
87.5971,3831
87.6167,3960
87.6364,3907
87.6561,4026
87.6758,4100
87.6955,4174
87.7151,4120
87.7348,4235
87.7545,4189
87.7742,4292
87.7939,4357
87.8135,4263
87.8332,4497
87.8529,4493
87.8726,4595
87.8923,4549
87.9119,4658
87.9316,4732
87.9513,4758
87.971,4670
87.9907,4786
88.0103,4601
88.03,4515
88.0497,4426
88.0694,4389
88.089,4325
88.1087,4244
88.1284,4226
88.1481,4293
88.1678,4271
88.1874,4288
88.2071,4227
88.2268,4183
88.2465,4072
88.2662,4107
88.2858,3981
88.3055,4167
88.3252,3995
88.3449,3935
88.3646,3988
88.3842,3892
88.4039,3847
88.4236,3712
88.4433,3861
88.463,3671
88.4826,3758
88.5023,3732
88.522,3725
88.5417,3765
88.5614,3668
88.581,3728
88.6007,3610
88.6204,3646
88.6401,3629
88.6598,3800
88.6794,3757
88.6991,3694
88.7188,3730
88.7385,3673
88.7582,3748
88.7778,3722
88.7975,3738
88.8172,3761
88.8369,3685
88.8566,3767
88.8762,3699
88.8959,3672
88.9156,3644
88.9353,3724
88.955,3600
88.9746,3614
88.9943,3656
89.014,3774
89.0337,3761
89.0534,3706
89.073,3728
89.0927,3673
89.1124,3694
89.1321,3670
89.1518,3745
89.1714,3563
89.1911,3678
89.2108,3717
89.2305,3739
89.2502,3659
89.2698,3652
89.2895,3669
89.3092,3622
89.3289,3663
89.3486,3760
89.3682,3733
89.3879,3746
89.4076,3678
89.4273,3768
89.4469,3635
89.4666,3603
89.4863,3770
89.506,3581
89.5257,3654
89.5453,3682
89.565,3619
89.5847,3722
89.6044,3737
89.6241,3717
89.6437,3638
89.6634,3727
89.6831,3771
89.7028,3602
89.7225,3730
89.7421,3639
89.7618,3709
89.7815,3711
89.8012,3738
89.8209,3696
89.8405,3734
89.8602,3699
89.8799,3605
89.8996,3647
89.9193,3680
89.9389,3592
89.9586,3627
89.9783,3675
89.998,3687
90.0177,3709
90.0373,3759
90.057,3635
90.0767,3757
90.0964,3720
90.1161,3716
90.1357,3649
90.1554,3699
90.1751,3705
90.1948,3716
90.2145,3753
90.2341,3829
90.2538,3847
90.2735,3762
90.2932,3767
90.3129,3910
90.3325,3688
90.3522,3744
90.3719,3838
90.3916,3810
90.4113,3711
90.4309,3790
90.4506,3785
90.4703,3803
90.49,3625
90.5097,3755
90.5293,3879
90.549,3833
90.5687,3864
90.5884,3772
90.6081,3808
90.6277,3818
90.6474,3869
90.6671,3827
90.6868,3920
90.7064,3938
90.7261,3922
90.7458,4015
90.7655,4189
90.7852,4203
90.8048,4238
90.8245,4245
90.8442,4285
90.8639,4367
90.8836,4411
90.9032,4256
90.9229,4406
90.9426,4362
90.9623,4256
90.982,4361
